INSERT INTO game_list (id, name) VALUES ('6ebc5356-4cda-44d0-a2f7-1bc5b582b8c6', 'Aventura e RPG');
INSERT INTO game_list (id, name) VALUES ('439e0fb7-bf2e-4cdb-86c1-a4347e3faccc', 'Jogos de plataforma');

INSERT INTO game (id, title, score, game_year, genre, platforms, img_url, short_description, long_description) VALUES ('c5709a3f-b4d7-411b-8dfb-0198e41e721e', 'Mass Effect Trilogy', 4.8, 2012, 'Role-playing (RPG), Shooter', 'XBox, Playstation, PC', 'https://raw.githubusercontent.com/devsuperior/java-spring-dslist/main/resources/1.png', 'Lorem ipsum dolor sit amet consectetur adipisicing elit. Odit esse officiis corrupti unde repellat non quibusdam! Id nihil itaque ipsum!', 'Lorem ipsum dolor sit amet consectetur adipisicing elit. Delectus dolorum illum placeat eligendi, quis maiores veniam. Incidunt dolorum, nisi deleniti dicta odit voluptatem nam provident temporibus reprehenderit blanditiis consectetur tenetur. Dignissimos blanditiis quod corporis iste, aliquid perspiciatis architecto quasi tempore ipsam voluptates ea ad distinctio, sapiente qui, amet quidem culpa.');
INSERT INTO game (id, title, score, game_year, genre, platforms, img_url, short_description, long_description) VALUES ('342622be-bad3-40f0-a326-4dca42f81858', 'Red Dead Redemption 2', 4.7, 2018, 'Role-playing (RPG), Adventure', 'XBox, Playstation, PC', 'https://raw.githubusercontent.com/devsuperior/java-spring-dslist/main/resources/2.png', 'Lorem ipsum dolor sit amet consectetur adipisicing elit. Odit esse officiis corrupti unde repellat non quibusdam! Id nihil itaque ipsum!', 'Lorem ipsum dolor sit amet consectetur adipisicing elit. Delectus dolorum illum placeat eligendi, quis maiores veniam. Incidunt dolorum, nisi deleniti dicta odit voluptatem nam provident temporibus reprehenderit blanditiis consectetur tenetur. Dignissimos blanditiis quod corporis iste, aliquid perspiciatis architecto quasi tempore ipsam voluptates ea ad distinctio, sapiente qui, amet quidem culpa.');
INSERT INTO game (id, title, score, game_year, genre, platforms, img_url, short_description, long_description) VALUES ('654d2677-08cc-4a1f-bd76-c6ef140ea01a', 'The Witcher 3: Wild Hunt', 4.7, 2014, 'Role-playing (RPG), Adventure', 'XBox, Playstation, PC', 'https://raw.githubusercontent.com/devsuperior/java-spring-dslist/main/resources/3.png', 'Lorem ipsum dolor sit amet consectetur adipisicing elit. Odit esse officiis corrupti unde repellat non quibusdam! Id nihil itaque ipsum!', 'Lorem ipsum dolor sit amet consectetur adipisicing elit. Delectus dolorum illum placeat eligendi, quis maiores veniam. Incidunt dolorum, nisi deleniti dicta odit voluptatem nam provident temporibus reprehenderit blanditiis consectetur tenetur. Dignissimos blanditiis quod corporis iste, aliquid perspiciatis architecto quasi tempore ipsam voluptates ea ad distinctio, sapiente qui, amet quidem culpa.');
INSERT INTO game (id, title, score, game_year, genre, platforms, img_url, short_description, long_description) VALUES ('6b32943c-ab82-4620-98e3-afce5a3832ed', 'Sekiro: Shadows Die Twice', 3.8, 2019, 'Role-playing (RPG), Adventure', 'XBox, Playstation, PC', 'https://raw.githubusercontent.com/devsuperior/java-spring-dslist/main/resources/4.png', 'Lorem ipsum dolor sit amet consectetur adipisicing elit. Odit esse officiis corrupti unde repellat non quibusdam! Id nihil itaque ipsum!', 'Lorem ipsum dolor sit amet consectetur adipisicing elit. Delectus dolorum illum placeat eligendi, quis maiores veniam. Incidunt dolorum, nisi deleniti dicta odit voluptatem nam provident temporibus reprehenderit blanditiis consectetur tenetur. Dignissimos blanditiis quod corporis iste, aliquid perspiciatis architecto quasi tempore ipsam voluptates ea ad distinctio, sapiente qui, amet quidem culpa.');
INSERT INTO game (id, title, score, game_year, genre, platforms, img_url, short_description, long_description) VALUES ('132991b7-5728-4fc6-9237-e20505142bf8', 'Ghost of Tsushima', 4.6, 2012, 'Role-playing (RPG), Adventure', 'XBox, Playstation, PC', 'https://raw.githubusercontent.com/devsuperior/java-spring-dslist/main/resources/5.png', 'Lorem ipsum dolor sit amet consectetur adipisicing elit. Odit esse officiis corrupti unde repellat non quibusdam! Id nihil itaque ipsum!', 'Lorem ipsum dolor sit amet consectetur adipisicing elit. Delectus dolorum illum placeat eligendi, quis maiores veniam. Incidunt dolorum, nisi deleniti dicta odit voluptatem nam provident temporibus reprehenderit blanditiis consectetur tenetur. Dignissimos blanditiis quod corporis iste, aliquid perspiciatis architecto quasi tempore ipsam voluptates ea ad distinctio, sapiente qui, amet quidem culpa.');
INSERT INTO game (id, title, score, game_year, genre, platforms, img_url, short_description, long_description) VALUES ('0dbcc611-72c3-4628-b772-d5568b4ebfe4', 'Super Mario World', 4.7, 1990, 'Platform', 'Super Ness, PC', 'https://raw.githubusercontent.com/devsuperior/java-spring-dslist/main/resources/6.png', 'Lorem ipsum dolor sit amet consectetur adipisicing elit. Odit esse officiis corrupti unde repellat non quibusdam! Id nihil itaque ipsum!', 'Lorem ipsum dolor sit amet consectetur adipisicing elit. Delectus dolorum illum placeat eligendi, quis maiores veniam. Incidunt dolorum, nisi deleniti dicta odit voluptatem nam provident temporibus reprehenderit blanditiis consectetur tenetur. Dignissimos blanditiis quod corporis iste, aliquid perspiciatis architecto quasi tempore ipsam voluptates ea ad distinctio, sapiente qui, amet quidem culpa.');
INSERT INTO game (id, title, score, game_year, genre, platforms, img_url, short_description, long_description) VALUES ('0db2ce6d-94ad-497f-94fb-cf2c0c132691', 'Hollow Knight', 4.6, 2017, 'Platform', 'XBox, Playstation, PC', 'https://raw.githubusercontent.com/devsuperior/java-spring-dslist/main/resources/7.png', 'Lorem ipsum dolor sit amet consectetur adipisicing elit. Odit esse officiis corrupti unde repellat non quibusdam! Id nihil itaque ipsum!', 'Lorem ipsum dolor sit amet consectetur adipisicing elit. Delectus dolorum illum placeat eligendi, quis maiores veniam. Incidunt dolorum, nisi deleniti dicta odit voluptatem nam provident temporibus reprehenderit blanditiis consectetur tenetur. Dignissimos blanditiis quod corporis iste, aliquid perspiciatis architecto quasi tempore ipsam voluptates ea ad distinctio, sapiente qui, amet quidem culpa.');
INSERT INTO game (id, title, score, game_year, genre, platforms, img_url, short_description, long_description) VALUES ('c7b6c254-5391-471c-a413-e5443954fa4f', 'Ori and the Blind Forest', 4, 2015, 'Platform', 'XBox, Playstation, PC', 'https://raw.githubusercontent.com/devsuperior/java-spring-dslist/main/resources/8.png', 'Lorem ipsum dolor sit amet consectetur adipisicing elit. Odit esse officiis corrupti unde repellat non quibusdam! Id nihil itaque ipsum!', 'Lorem ipsum dolor sit amet consectetur adipisicing elit. Delectus dolorum illum placeat eligendi, quis maiores veniam. Incidunt dolorum, nisi deleniti dicta odit voluptatem nam provident temporibus reprehenderit blanditiis consectetur tenetur. Dignissimos blanditiis quod corporis iste, aliquid perspiciatis architecto quasi tempore ipsam voluptates ea ad distinctio, sapiente qui, amet quidem culpa.');
INSERT INTO game (id, title, score, game_year, genre, platforms, img_url, short_description, long_description) VALUES ('51dad8a0-cf9b-4826-8764-ffe4ee986946', 'Cuphead', 4.6, 2017, 'Platform', 'XBox, Playstation, PC', 'https://raw.githubusercontent.com/devsuperior/java-spring-dslist/main/resources/9.png', 'Lorem ipsum dolor sit amet consectetur adipisicing elit. Odit esse officiis corrupti unde repellat non quibusdam! Id nihil itaque ipsum!', 'Lorem ipsum dolor sit amet consectetur adipisicing elit. Delectus dolorum illum placeat eligendi, quis maiores veniam. Incidunt dolorum, nisi deleniti dicta odit voluptatem nam provident temporibus reprehenderit blanditiis consectetur tenetur. Dignissimos blanditiis quod corporis iste, aliquid perspiciatis architecto quasi tempore ipsam voluptates ea ad distinctio, sapiente qui, amet quidem culpa.');
INSERT INTO game (id, title, score, game_year, genre, platforms, img_url, short_description, long_description) VALUES ('56cb9e5d-263d-49b1-ad14-df9a00172463', 'Sonic CD', 4, 1993, 'Platform', 'Sega CD, PC', 'https://raw.githubusercontent.com/devsuperior/java-spring-dslist/main/resources/10.png', 'Lorem ipsum dolor sit amet consectetur adipisicing elit. Odit esse officiis corrupti unde repellat non quibusdam! Id nihil itaque ipsum!', 'Lorem ipsum dolor sit amet consectetur adipisicing elit. Delectus dolorum illum placeat eligendi, quis maiores veniam. Incidunt dolorum, nisi deleniti dicta odit voluptatem nam provident temporibus reprehenderit blanditiis consectetur tenetur. Dignissimos blanditiis quod corporis iste, aliquid perspiciatis architecto quasi tempore ipsam voluptates ea ad distinctio, sapiente qui, amet quidem culpa.');

INSERT INTO belonging (game_id, game_list_id, position) VALUES ('c5709a3f-b4d7-411b-8dfb-0198e41e721e', '6ebc5356-4cda-44d0-a2f7-1bc5b582b8c6', 0);
INSERT INTO belonging (game_id, game_list_id, position) VALUES ('342622be-bad3-40f0-a326-4dca42f81858', '6ebc5356-4cda-44d0-a2f7-1bc5b582b8c6', 1);
INSERT INTO belonging (game_id, game_list_id, position) VALUES ('654d2677-08cc-4a1f-bd76-c6ef140ea01a', '6ebc5356-4cda-44d0-a2f7-1bc5b582b8c6', 2);
INSERT INTO belonging (game_id, game_list_id, position) VALUES ('6b32943c-ab82-4620-98e3-afce5a3832ed', '6ebc5356-4cda-44d0-a2f7-1bc5b582b8c6', 3);
INSERT INTO belonging (game_id, game_list_id, position) VALUES ('132991b7-5728-4fc6-9237-e20505142bf8', '6ebc5356-4cda-44d0-a2f7-1bc5b582b8c6', 4);

INSERT INTO belonging (game_id, game_list_id, position) VALUES ('0dbcc611-72c3-4628-b772-d5568b4ebfe4', '439e0fb7-bf2e-4cdb-86c1-a4347e3faccc', 0);
INSERT INTO belonging (game_id, game_list_id, position) VALUES ('0db2ce6d-94ad-497f-94fb-cf2c0c132691', '439e0fb7-bf2e-4cdb-86c1-a4347e3faccc', 1);
INSERT INTO belonging (game_id, game_list_id, position) VALUES ('c7b6c254-5391-471c-a413-e5443954fa4f', '439e0fb7-bf2e-4cdb-86c1-a4347e3faccc', 2);
INSERT INTO belonging (game_id, game_list_id, position) VALUES ('51dad8a0-cf9b-4826-8764-ffe4ee986946', '439e0fb7-bf2e-4cdb-86c1-a4347e3faccc', 3);
INSERT INTO belonging (game_id, game_list_id, position) VALUES ('56cb9e5d-263d-49b1-ad14-df9a00172463', '439e0fb7-bf2e-4cdb-86c1-a4347e3faccc', 4);